age_days,species,vbf_length_cm,vbf_weight_g,linf_cm,k_val,t0_val,data_source,source_url,split
45,Penaeus vannamei (VBF Model),15.21,31.64,22.0,0.025,-2.0,Von Bertalanffy Function / R FSA Package,https://en.wikipedia.org/wiki/Von_Bertalanffy_function | https://cran.r-project.org/package=FSA,train
48,Penaeus vannamei (VBF Model),15.7,34.81,22.0,0.025,-2.0,Von Bertalanffy Function / R FSA Package,https://en.wikipedia.org/wiki/Von_Bertalanffy_function | https://cran.r-project.org/package=FSA,train
5,Penaeus vannamei (VBF Model),3.53,0.4,22.0,0.025,-2.0,Von Bertalanffy Function / R FSA Package,https://en.wikipedia.org/wiki/Von_Bertalanffy_function | https://cran.r-project.org/package=FSA,train
56,Penaeus vannamei (VBF Model),16.84,42.98,22.0,0.025,-2.0,Von Bertalanffy Function / R FSA Package,https://en.wikipedia.org/wiki/Von_Bertalanffy_function | https://cran.r-project.org/package=FSA,train
27,Penaeus vannamei (VBF Model),11.34,13.14,22.0,0.025,-2.0,Von Bertalanffy Function / R FSA Package,https://en.wikipedia.org/wiki/Von_Bertalanffy_function | https://cran.r-project.org/package=FSA,train
65,Penaeus vannamei (VBF Model),17.88,51.44,22.0,0.025,-2.0,Von Bertalanffy Function / R FSA Package,https://en.wikipedia.org/wiki/Von_Bertalanffy_function | https://cran.r-project.org/package=FSA,train
74,Penaeus vannamei (VBF Model),18.71,58.94,22.0,0.025,-2.0,Von Bertalanffy Function / R FSA Package,https://en.wikipedia.org/wiki/Von_Bertalanffy_function | https://cran.r-project.org/package=FSA,train
11,Penaeus vannamei (VBF Model),6.1,2.05,22.0,0.025,-2.0,Von Bertalanffy Function / R FSA Package,https://en.wikipedia.org/wiki/Von_Bertalanffy_function | https://cran.r-project.org/package=FSA,train
41,Penaeus vannamei (VBF Model),14.49,27.39,22.0,0.025,-2.0,Von Bertalanffy Function / R FSA Package,https://en.wikipedia.org/wiki/Von_Bertalanffy_function | https://cran.r-project.org/package=FSA,train
108,Penaeus vannamei (VBF Model),20.59,78.6,22.0,0.025,-2.0,Von Bertalanffy Function / R FSA Package,https://en.wikipedia.org/wiki/Von_Bertalanffy_function | https://cran.r-project.org/package=FSA,train
19,Penaeus vannamei (VBF Model),8.99,6.53,22.0,0.025,-2.0,Von Bertalanffy Function / R FSA Package,https://en.wikipedia.org/wiki/Von_Bertalanffy_function | https://cran.r-project.org/package=FSA,train
63,Penaeus vannamei (VBF Model),17.67,49.64,22.0,0.025,-2.0,Von Bertalanffy Function / R FSA Package,https://en.wikipedia.org/wiki/Von_Bertalanffy_function | https://cran.r-project.org/package=FSA,train
12,Penaeus vannamei (VBF Model),6.5,2.47,22.0,0.025,-2.0,Von Bertalanffy Function / R FSA Package,https://en.wikipedia.org/wiki/Von_Bertalanffy_function | https://cran.r-project.org/package=FSA,train
37,Penaeus vannamei (VBF Model),13.7,23.15,22.0,0.025,-2.0,Von Bertalanffy Function / R FSA Package,https://en.wikipedia.org/wiki/Von_Bertalanffy_function | https://cran.r-project.org/package=FSA,train
90,Penaeus vannamei (VBF Model),19.79,69.8,22.0,0.025,-2.0,Von Bertalanffy Function / R FSA Package,https://en.wikipedia.org/wiki/Von_Bertalanffy_function | https://cran.r-project.org/package=FSA,train
92,Penaeus vannamei (VBF Model),19.9,70.95,22.0,0.025,-2.0,Von Bertalanffy Function / R FSA Package,https://en.wikipedia.org/wiki/Von_Bertalanffy_function | https://cran.r-project.org/package=FSA,train
110,Penaeus vannamei (VBF Model),20.66,79.39,22.0,0.025,-2.0,Von Bertalanffy Function / R FSA Package,https://en.wikipedia.org/wiki/Von_Bertalanffy_function | https://cran.r-project.org/package=FSA,train
1,Penaeus vannamei (VBF Model),1.59,0.04,22.0,0.025,-2.0,Von Bertalanffy Function / R FSA Package,https://en.wikipedia.org/wiki/Von_Bertalanffy_function | https://cran.r-project.org/package=FSA,train
89,Penaeus vannamei (VBF Model),19.74,69.21,22.0,0.025,-2.0,Von Bertalanffy Function / R FSA Package,https://en.wikipedia.org/wiki/Von_Bertalanffy_function | https://cran.r-project.org/package=FSA,train
105,Penaeus vannamei (VBF Model),20.48,77.36,22.0,0.025,-2.0,Von Bertalanffy Function / R FSA Package,https://en.wikipedia.org/wiki/Von_Bertalanffy_function | https://cran.r-project.org/package=FSA,train
66,Penaeus vannamei (VBF Model),17.98,52.32,22.0,0.025,-2.0,Von Bertalanffy Function / R FSA Package,https://en.wikipedia.org/wiki/Von_Bertalanffy_function | https://cran.r-project.org/package=FSA,train
46,Penaeus vannamei (VBF Model),15.37,32.7,22.0,0.025,-2.0,Von Bertalanffy Function / R FSA Package,https://en.wikipedia.org/wiki/Von_Bertalanffy_function | https://cran.r-project.org/package=FSA,train
32,Penaeus vannamei (VBF Model),12.6,17.99,22.0,0.025,-2.0,Von Bertalanffy Function / R FSA Package,https://en.wikipedia.org/wiki/Von_Bertalanffy_function | https://cran.r-project.org/package=FSA,train
71,Penaeus vannamei (VBF Model),18.45,56.55,22.0,0.025,-2.0,Von Bertalanffy Function / R FSA Package,https://en.wikipedia.org/wiki/Von_Bertalanffy_function | https://cran.r-project.org/package=FSA,train
43,Penaeus vannamei (VBF Model),14.86,29.52,22.0,0.025,-2.0,Von Bertalanffy Function / R FSA Package,https://en.wikipedia.org/wiki/Von_Bertalanffy_function | https://cran.r-project.org/package=FSA,train
13,Penaeus vannamei (VBF Model),6.88,2.93,22.0,0.025,-2.0,Von Bertalanffy Function / R FSA Package,https://en.wikipedia.org/wiki/Von_Bertalanffy_function | https://cran.r-project.org/package=FSA,train
16,Penaeus vannamei (VBF Model),7.97,4.56,22.0,0.025,-2.0,Von Bertalanffy Function / R FSA Package,https://en.wikipedia.org/wiki/Von_Bertalanffy_function | https://cran.r-project.org/package=FSA,train
115,Penaeus vannamei (VBF Model),20.82,81.22,22.0,0.025,-2.0,Von Bertalanffy Function / R FSA Package,https://en.wikipedia.org/wiki/Von_Bertalanffy_function | https://cran.r-project.org/package=FSA,train
77,Penaeus vannamei (VBF Model),18.95,61.22,22.0,0.025,-2.0,Von Bertalanffy Function / R FSA Package,https://en.wikipedia.org/wiki/Von_Bertalanffy_function | https://cran.r-project.org/package=FSA,train
98,Penaeus vannamei (VBF Model),20.19,74.12,22.0,0.025,-2.0,Von Bertalanffy Function / R FSA Package,https://en.wikipedia.org/wiki/Von_Bertalanffy_function | https://cran.r-project.org/package=FSA,train
25,Penaeus vannamei (VBF Model),10.8,11.33,22.0,0.025,-2.0,Von Bertalanffy Function / R FSA Package,https://en.wikipedia.org/wiki/Von_Bertalanffy_function | https://cran.r-project.org/package=FSA,train
79,Penaeus vannamei (VBF Model),19.1,62.67,22.0,0.025,-2.0,Von Bertalanffy Function / R FSA Package,https://en.wikipedia.org/wiki/Von_Bertalanffy_function | https://cran.r-project.org/package=FSA,train
23,Penaeus vannamei (VBF Model),10.22,9.62,22.0,0.025,-2.0,Von Bertalanffy Function / R FSA Package,https://en.wikipedia.org/wiki/Von_Bertalanffy_function | https://cran.r-project.org/package=FSA,train
97,Penaeus vannamei (VBF Model),20.15,73.61,22.0,0.025,-2.0,Von Bertalanffy Function / R FSA Package,https://en.wikipedia.org/wiki/Von_Bertalanffy_function | https://cran.r-project.org/package=FSA,train
57,Penaeus vannamei (VBF Model),16.97,43.96,22.0,0.025,-2.0,Von Bertalanffy Function / R FSA Package,https://en.wikipedia.org/wiki/Von_Bertalanffy_function | https://cran.r-project.org/package=FSA,train
111,Penaeus vannamei (VBF Model),20.7,79.77,22.0,0.025,-2.0,Von Bertalanffy Function / R FSA Package,https://en.wikipedia.org/wiki/Von_Bertalanffy_function | https://cran.r-project.org/package=FSA,train
31,Penaeus vannamei (VBF Model),12.36,16.99,22.0,0.025,-2.0,Von Bertalanffy Function / R FSA Package,https://en.wikipedia.org/wiki/Von_Bertalanffy_function | https://cran.r-project.org/package=FSA,train
54,Penaeus vannamei (VBF Model),16.57,40.98,22.0,0.025,-2.0,Von Bertalanffy Function / R FSA Package,https://en.wikipedia.org/wiki/Von_Bertalanffy_function | https://cran.r-project.org/package=FSA,train
119,Penaeus vannamei (VBF Model),20.93,82.54,22.0,0.025,-2.0,Von Bertalanffy Function / R FSA Package,https://en.wikipedia.org/wiki/Von_Bertalanffy_function | https://cran.r-project.org/package=FSA,train
10,Penaeus vannamei (VBF Model),5.7,1.67,22.0,0.025,-2.0,Von Bertalanffy Function / R FSA Package,https://en.wikipedia.org/wiki/Von_Bertalanffy_function | https://cran.r-project.org/package=FSA,train
34,Penaeus vannamei (VBF Model),13.06,20.03,22.0,0.025,-2.0,Von Bertalanffy Function / R FSA Package,https://en.wikipedia.org/wiki/Von_Bertalanffy_function | https://cran.r-project.org/package=FSA,train
26,Penaeus vannamei (VBF Model),11.08,12.23,22.0,0.025,-2.0,Von Bertalanffy Function / R FSA Package,https://en.wikipedia.org/wiki/Von_Bertalanffy_function | https://cran.r-project.org/package=FSA,train
70,Penaeus vannamei (VBF Model),18.36,55.73,22.0,0.025,-2.0,Von Bertalanffy Function / R FSA Package,https://en.wikipedia.org/wiki/Von_Bertalanffy_function | https://cran.r-project.org/package=FSA,train
29,Penaeus vannamei (VBF Model),11.86,15.03,22.0,0.025,-2.0,Von Bertalanffy Function / R FSA Package,https://en.wikipedia.org/wiki/Von_Bertalanffy_function | https://cran.r-project.org/package=FSA,train
99,Penaeus vannamei (VBF Model),20.24,74.61,22.0,0.025,-2.0,Von Bertalanffy Function / R FSA Package,https://en.wikipedia.org/wiki/Von_Bertalanffy_function | https://cran.r-project.org/package=FSA,train
86,Penaeus vannamei (VBF Model),19.56,67.38,22.0,0.025,-2.0,Von Bertalanffy Function / R FSA Package,https://en.wikipedia.org/wiki/Von_Bertalanffy_function | https://cran.r-project.org/package=FSA,train
6,Penaeus vannamei (VBF Model),3.99,0.57,22.0,0.025,-2.0,Von Bertalanffy Function / R FSA Package,https://en.wikipedia.org/wiki/Von_Bertalanffy_function | https://cran.r-project.org/package=FSA,train
91,Penaeus vannamei (VBF Model),19.85,70.38,22.0,0.025,-2.0,Von Bertalanffy Function / R FSA Package,https://en.wikipedia.org/wiki/Von_Bertalanffy_function | https://cran.r-project.org/package=FSA,train
69,Penaeus vannamei (VBF Model),18.27,54.9,22.0,0.025,-2.0,Von Bertalanffy Function / R FSA Package,https://en.wikipedia.org/wiki/Von_Bertalanffy_function | https://cran.r-project.org/package=FSA,train
40,Penaeus vannamei (VBF Model),14.3,26.33,22.0,0.025,-2.0,Von Bertalanffy Function / R FSA Package,https://en.wikipedia.org/wiki/Von_Bertalanffy_function | https://cran.r-project.org/package=FSA,train
50,Penaeus vannamei (VBF Model),16.0,36.89,22.0,0.025,-2.0,Von Bertalanffy Function / R FSA Package,https://en.wikipedia.org/wiki/Von_Bertalanffy_function | https://cran.r-project.org/package=FSA,train
36,Penaeus vannamei (VBF Model),13.49,22.1,22.0,0.025,-2.0,Von Bertalanffy Function / R FSA Package,https://en.wikipedia.org/wiki/Von_Bertalanffy_function | https://cran.r-project.org/package=FSA,train
17,Penaeus vannamei (VBF Model),8.32,5.18,22.0,0.025,-2.0,Von Bertalanffy Function / R FSA Package,https://en.wikipedia.org/wiki/Von_Bertalanffy_function | https://cran.r-project.org/package=FSA,train
67,Penaeus vannamei (VBF Model),18.08,53.19,22.0,0.025,-2.0,Von Bertalanffy Function / R FSA Package,https://en.wikipedia.org/wiki/Von_Bertalanffy_function | https://cran.r-project.org/package=FSA,train
35,Penaeus vannamei (VBF Model),13.28,21.06,22.0,0.025,-2.0,Von Bertalanffy Function / R FSA Package,https://en.wikipedia.org/wiki/Von_Bertalanffy_function | https://cran.r-project.org/package=FSA,train
114,Penaeus vannamei (VBF Model),20.79,80.87,22.0,0.025,-2.0,Von Bertalanffy Function / R FSA Package,https://en.wikipedia.org/wiki/Von_Bertalanffy_function | https://cran.r-project.org/package=FSA,train
8,Penaeus vannamei (VBF Model),4.87,1.04,22.0,0.025,-2.0,Von Bertalanffy Function / R FSA Package,https://en.wikipedia.org/wiki/Von_Bertalanffy_function | https://cran.r-project.org/package=FSA,train
44,Penaeus vannamei (VBF Model),15.03,30.58,22.0,0.025,-2.0,Von Bertalanffy Function / R FSA Package,https://en.wikipedia.org/wiki/Von_Bertalanffy_function | https://cran.r-project.org/package=FSA,train
73,Penaeus vannamei (VBF Model),18.63,58.16,22.0,0.025,-2.0,Von Bertalanffy Function / R FSA Package,https://en.wikipedia.org/wiki/Von_Bertalanffy_function | https://cran.r-project.org/package=FSA,train
68,Penaeus vannamei (VBF Model),18.18,54.05,22.0,0.025,-2.0,Von Bertalanffy Function / R FSA Package,https://en.wikipedia.org/wiki/Von_Bertalanffy_function | https://cran.r-project.org/package=FSA,train
84,Penaeus vannamei (VBF Model),19.44,66.09,22.0,0.025,-2.0,Von Bertalanffy Function / R FSA Package,https://en.wikipedia.org/wiki/Von_Bertalanffy_function | https://cran.r-project.org/package=FSA,train
28,Penaeus vannamei (VBF Model),11.61,14.08,22.0,0.025,-2.0,Von Bertalanffy Function / R FSA Package,https://en.wikipedia.org/wiki/Von_Bertalanffy_function | https://cran.r-project.org/package=FSA,train
20,Penaeus vannamei (VBF Model),9.31,7.26,22.0,0.025,-2.0,Von Bertalanffy Function / R FSA Package,https://en.wikipedia.org/wiki/Von_Bertalanffy_function | https://cran.r-project.org/package=FSA,train
96,Penaeus vannamei (VBF Model),20.1,73.1,22.0,0.025,-2.0,Von Bertalanffy Function / R FSA Package,https://en.wikipedia.org/wiki/Von_Bertalanffy_function | https://cran.r-project.org/package=FSA,train
101,Penaeus vannamei (VBF Model),20.32,75.56,22.0,0.025,-2.0,Von Bertalanffy Function / R FSA Package,https://en.wikipedia.org/wiki/Von_Bertalanffy_function | https://cran.r-project.org/package=FSA,train
9,Penaeus vannamei (VBF Model),5.29,1.33,22.0,0.025,-2.0,Von Bertalanffy Function / R FSA Package,https://en.wikipedia.org/wiki/Von_Bertalanffy_function | https://cran.r-project.org/package=FSA,train
14,Penaeus vannamei (VBF Model),7.25,3.43,22.0,0.025,-2.0,Von Bertalanffy Function / R FSA Package,https://en.wikipedia.org/wiki/Von_Bertalanffy_function | https://cran.r-project.org/package=FSA,train
85,Penaeus vannamei (VBF Model),19.5,66.74,22.0,0.025,-2.0,Von Bertalanffy Function / R FSA Package,https://en.wikipedia.org/wiki/Von_Bertalanffy_function | https://cran.r-project.org/package=FSA,train
4,Penaeus vannamei (VBF Model),3.06,0.26,22.0,0.025,-2.0,Von Bertalanffy Function / R FSA Package,https://en.wikipedia.org/wiki/Von_Bertalanffy_function | https://cran.r-project.org/package=FSA,train
18,Penaeus vannamei (VBF Model),8.66,5.84,22.0,0.025,-2.0,Von Bertalanffy Function / R FSA Package,https://en.wikipedia.org/wiki/Von_Bertalanffy_function | https://cran.r-project.org/package=FSA,train
39,Penaeus vannamei (VBF Model),14.11,25.26,22.0,0.025,-2.0,Von Bertalanffy Function / R FSA Package,https://en.wikipedia.org/wiki/Von_Bertalanffy_function | https://cran.r-project.org/package=FSA,train
118,Penaeus vannamei (VBF Model),20.9,82.22,22.0,0.025,-2.0,Von Bertalanffy Function / R FSA Package,https://en.wikipedia.org/wiki/Von_Bertalanffy_function | https://cran.r-project.org/package=FSA,train
7,Penaeus vannamei (VBF Model),4.43,0.78,22.0,0.025,-2.0,Von Bertalanffy Function / R FSA Package,https://en.wikipedia.org/wiki/Von_Bertalanffy_function | https://cran.r-project.org/package=FSA,train
78,Penaeus vannamei (VBF Model),19.02,61.95,22.0,0.025,-2.0,Von Bertalanffy Function / R FSA Package,https://en.wikipedia.org/wiki/Von_Bertalanffy_function | https://cran.r-project.org/package=FSA,train
112,Penaeus vannamei (VBF Model),20.73,80.15,22.0,0.025,-2.0,Von Bertalanffy Function / R FSA Package,https://en.wikipedia.org/wiki/Von_Bertalanffy_function | https://cran.r-project.org/package=FSA,train
95,Penaeus vannamei (VBF Model),20.05,72.58,22.0,0.025,-2.0,Von Bertalanffy Function / R FSA Package,https://en.wikipedia.org/wiki/Von_Bertalanffy_function | https://cran.r-project.org/package=FSA,train
55,Penaeus vannamei (VBF Model),16.71,41.98,22.0,0.025,-2.0,Von Bertalanffy Function / R FSA Package,https://en.wikipedia.org/wiki/Von_Bertalanffy_function | https://cran.r-project.org/package=FSA,train
51,Penaeus vannamei (VBF Model),16.15,37.93,22.0,0.025,-2.0,Von Bertalanffy Function / R FSA Package,https://en.wikipedia.org/wiki/Von_Bertalanffy_function | https://cran.r-project.org/package=FSA,train
81,Penaeus vannamei (VBF Model),19.24,64.08,22.0,0.025,-2.0,Von Bertalanffy Function / R FSA Package,https://en.wikipedia.org/wiki/Von_Bertalanffy_function | https://cran.r-project.org/package=FSA,train
47,Penaeus vannamei (VBF Model),15.54,33.76,22.0,0.025,-2.0,Von Bertalanffy Function / R FSA Package,https://en.wikipedia.org/wiki/Von_Bertalanffy_function | https://cran.r-project.org/package=FSA,train
82,Penaeus vannamei (VBF Model),19.31,64.76,22.0,0.025,-2.0,Von Bertalanffy Function / R FSA Package,https://en.wikipedia.org/wiki/Von_Bertalanffy_function | https://cran.r-project.org/package=FSA,train
62,Penaeus vannamei (VBF Model),17.56,48.72,22.0,0.025,-2.0,Von Bertalanffy Function / R FSA Package,https://en.wikipedia.org/wiki/Von_Bertalanffy_function | https://cran.r-project.org/package=FSA,train
117,Penaeus vannamei (VBF Model),20.88,81.89,22.0,0.025,-2.0,Von Bertalanffy Function / R FSA Package,https://en.wikipedia.org/wiki/Von_Bertalanffy_function | https://cran.r-project.org/package=FSA,train
80,Penaeus vannamei (VBF Model),19.17,63.38,22.0,0.025,-2.0,Von Bertalanffy Function / R FSA Package,https://en.wikipedia.org/wiki/Von_Bertalanffy_function | https://cran.r-project.org/package=FSA,train
94,Penaeus vannamei (VBF Model),20.0,72.05,22.0,0.025,-2.0,Von Bertalanffy Function / R FSA Package,https://en.wikipedia.org/wiki/Von_Bertalanffy_function | https://cran.r-project.org/package=FSA,val
42,Penaeus vannamei (VBF Model),14.68,28.45,22.0,0.025,-2.0,Von Bertalanffy Function / R FSA Package,https://en.wikipedia.org/wiki/Von_Bertalanffy_function | https://cran.r-project.org/package=FSA,val
59,Penaeus vannamei (VBF Model),17.21,45.89,22.0,0.025,-2.0,Von Bertalanffy Function / R FSA Package,https://en.wikipedia.org/wiki/Von_Bertalanffy_function | https://cran.r-project.org/package=FSA,val
49,Penaeus vannamei (VBF Model),15.85,35.85,22.0,0.025,-2.0,Von Bertalanffy Function / R FSA Package,https://en.wikipedia.org/wiki/Von_Bertalanffy_function | https://cran.r-project.org/package=FSA,val
102,Penaeus vannamei (VBF Model),20.37,76.03,22.0,0.025,-2.0,Von Bertalanffy Function / R FSA Package,https://en.wikipedia.org/wiki/Von_Bertalanffy_function | https://cran.r-project.org/package=FSA,val
58,Penaeus vannamei (VBF Model),17.09,44.93,22.0,0.025,-2.0,Von Bertalanffy Function / R FSA Package,https://en.wikipedia.org/wiki/Von_Bertalanffy_function | https://cran.r-project.org/package=FSA,val
76,Penaeus vannamei (VBF Model),18.87,60.47,22.0,0.025,-2.0,Von Bertalanffy Function / R FSA Package,https://en.wikipedia.org/wiki/Von_Bertalanffy_function | https://cran.r-project.org/package=FSA,val
33,Penaeus vannamei (VBF Model),12.83,19.0,22.0,0.025,-2.0,Von Bertalanffy Function / R FSA Package,https://en.wikipedia.org/wiki/Von_Bertalanffy_function | https://cran.r-project.org/package=FSA,val
113,Penaeus vannamei (VBF Model),20.76,80.51,22.0,0.025,-2.0,Von Bertalanffy Function / R FSA Package,https://en.wikipedia.org/wiki/Von_Bertalanffy_function | https://cran.r-project.org/package=FSA,val
60,Penaeus vannamei (VBF Model),17.33,46.85,22.0,0.025,-2.0,Von Bertalanffy Function / R FSA Package,https://en.wikipedia.org/wiki/Von_Bertalanffy_function | https://cran.r-project.org/package=FSA,val
64,Penaeus vannamei (VBF Model),17.77,50.54,22.0,0.025,-2.0,Von Bertalanffy Function / R FSA Package,https://en.wikipedia.org/wiki/Von_Bertalanffy_function | https://cran.r-project.org/package=FSA,val
106,Penaeus vannamei (VBF Model),20.52,77.78,22.0,0.025,-2.0,Von Bertalanffy Function / R FSA Package,https://en.wikipedia.org/wiki/Von_Bertalanffy_function | https://cran.r-project.org/package=FSA,val
38,Penaeus vannamei (VBF Model),13.91,24.21,22.0,0.025,-2.0,Von Bertalanffy Function / R FSA Package,https://en.wikipedia.org/wiki/Von_Bertalanffy_function | https://cran.r-project.org/package=FSA,val
30,Penaeus vannamei (VBF Model),12.11,16.0,22.0,0.025,-2.0,Von Bertalanffy Function / R FSA Package,https://en.wikipedia.org/wiki/Von_Bertalanffy_function | https://cran.r-project.org/package=FSA,val
116,Penaeus vannamei (VBF Model),20.85,81.56,22.0,0.025,-2.0,Von Bertalanffy Function / R FSA Package,https://en.wikipedia.org/wiki/Von_Bertalanffy_function | https://cran.r-project.org/package=FSA,val
2,Penaeus vannamei (VBF Model),2.09,0.08,22.0,0.025,-2.0,Von Bertalanffy Function / R FSA Package,https://en.wikipedia.org/wiki/Von_Bertalanffy_function | https://cran.r-project.org/package=FSA,val
53,Penaeus vannamei (VBF Model),16.44,39.97,22.0,0.025,-2.0,Von Bertalanffy Function / R FSA Package,https://en.wikipedia.org/wiki/Von_Bertalanffy_function | https://cran.r-project.org/package=FSA,val
22,Penaeus vannamei (VBF Model),9.93,8.8,22.0,0.025,-2.0,Von Bertalanffy Function / R FSA Package,https://en.wikipedia.org/wiki/Von_Bertalanffy_function | https://cran.r-project.org/package=FSA,val
3,Penaeus vannamei (VBF Model),2.59,0.16,22.0,0.025,-2.0,Von Bertalanffy Function / R FSA Package,https://en.wikipedia.org/wiki/Von_Bertalanffy_function | https://cran.r-project.org/package=FSA,test
24,Penaeus vannamei (VBF Model),10.51,10.46,22.0,0.025,-2.0,Von Bertalanffy Function / R FSA Package,https://en.wikipedia.org/wiki/Von_Bertalanffy_function | https://cran.r-project.org/package=FSA,test
104,Penaeus vannamei (VBF Model),20.45,76.92,22.0,0.025,-2.0,Von Bertalanffy Function / R FSA Package,https://en.wikipedia.org/wiki/Von_Bertalanffy_function | https://cran.r-project.org/package=FSA,test
100,Penaeus vannamei (VBF Model),20.28,75.09,22.0,0.025,-2.0,Von Bertalanffy Function / R FSA Package,https://en.wikipedia.org/wiki/Von_Bertalanffy_function | https://cran.r-project.org/package=FSA,test
88,Penaeus vannamei (VBF Model),19.68,68.61,22.0,0.025,-2.0,Von Bertalanffy Function / R FSA Package,https://en.wikipedia.org/wiki/Von_Bertalanffy_function | https://cran.r-project.org/package=FSA,test
109,Penaeus vannamei (VBF Model),20.63,79.0,22.0,0.025,-2.0,Von Bertalanffy Function / R FSA Package,https://en.wikipedia.org/wiki/Von_Bertalanffy_function | https://cran.r-project.org/package=FSA,test
75,Penaeus vannamei (VBF Model),18.79,59.71,22.0,0.025,-2.0,Von Bertalanffy Function / R FSA Package,https://en.wikipedia.org/wiki/Von_Bertalanffy_function | https://cran.r-project.org/package=FSA,test
87,Penaeus vannamei (VBF Model),19.62,68.0,22.0,0.025,-2.0,Von Bertalanffy Function / R FSA Package,https://en.wikipedia.org/wiki/Von_Bertalanffy_function | https://cran.r-project.org/package=FSA,test
83,Penaeus vannamei (VBF Model),19.37,65.43,22.0,0.025,-2.0,Von Bertalanffy Function / R FSA Package,https://en.wikipedia.org/wiki/Von_Bertalanffy_function | https://cran.r-project.org/package=FSA,test
120,Penaeus vannamei (VBF Model),20.96,82.85,22.0,0.025,-2.0,Von Bertalanffy Function / R FSA Package,https://en.wikipedia.org/wiki/Von_Bertalanffy_function | https://cran.r-project.org/package=FSA,test
21,Penaeus vannamei (VBF Model),9.62,8.01,22.0,0.025,-2.0,Von Bertalanffy Function / R FSA Package,https://en.wikipedia.org/wiki/Von_Bertalanffy_function | https://cran.r-project.org/package=FSA,test
61,Penaeus vannamei (VBF Model),17.45,47.79,22.0,0.025,-2.0,Von Bertalanffy Function / R FSA Package,https://en.wikipedia.org/wiki/Von_Bertalanffy_function | https://cran.r-project.org/package=FSA,test
72,Penaeus vannamei (VBF Model),18.54,57.36,22.0,0.025,-2.0,Von Bertalanffy Function / R FSA Package,https://en.wikipedia.org/wiki/Von_Bertalanffy_function | https://cran.r-project.org/package=FSA,test
107,Penaeus vannamei (VBF Model),20.56,78.2,22.0,0.025,-2.0,Von Bertalanffy Function / R FSA Package,https://en.wikipedia.org/wiki/Von_Bertalanffy_function | https://cran.r-project.org/package=FSA,test
15,Penaeus vannamei (VBF Model),7.62,3.98,22.0,0.025,-2.0,Von Bertalanffy Function / R FSA Package,https://en.wikipedia.org/wiki/Von_Bertalanffy_function | https://cran.r-project.org/package=FSA,test
93,Penaeus vannamei (VBF Model),19.95,71.5,22.0,0.025,-2.0,Von Bertalanffy Function / R FSA Package,https://en.wikipedia.org/wiki/Von_Bertalanffy_function | https://cran.r-project.org/package=FSA,test
52,Penaeus vannamei (VBF Model),16.3,38.95,22.0,0.025,-2.0,Von Bertalanffy Function / R FSA Package,https://en.wikipedia.org/wiki/Von_Bertalanffy_function | https://cran.r-project.org/package=FSA,test
103,Penaeus vannamei (VBF Model),20.41,76.48,22.0,0.025,-2.0,Von Bertalanffy Function / R FSA Package,https://en.wikipedia.org/wiki/Von_Bertalanffy_function | https://cran.r-project.org/package=FSA,test
