station_id,coastal_zone,district,chlorophyll_a_mg_m3,turbidity_ssp,sea_surface_temp_c,dissolved_organic_matter,data_source,source_url,split
ISRO-BHUVAN-TN-031,Zone-3 (Coromandel Coast),Thanjavur,1.612,7.6,30.4,1.038,ISRO Bhuvan / Copernicus Data Space,https://bhuvan.nrsc.gov.in | https://dataspace.copernicus.eu,train
ISRO-BHUVAN-TN-001,Zone-1 (Coromandel Coast),Nagapattinam,7.491,12.06,30.66,2.039,ISRO Bhuvan / Copernicus Data Space,https://bhuvan.nrsc.gov.in | https://dataspace.copernicus.eu,train
ISRO-BHUVAN-TN-023,Zone-3 (Coromandel Coast),Cuddalore,3.653,2.33,27.39,2.514,ISRO Bhuvan / Copernicus Data Space,https://bhuvan.nrsc.gov.in | https://dataspace.copernicus.eu,train
ISRO-BHUVAN-TN-032,Zone-4 (Coromandel Coast),Ramanathapuram,8.146,12.5,31.17,0.734,ISRO Bhuvan / Copernicus Data Space,https://bhuvan.nrsc.gov.in | https://dataspace.copernicus.eu,train
ISRO-BHUVAN-TN-019,Zone-3 (Coromandel Coast),Thoothukudi,3.167,6.75,29.68,1.441,ISRO Bhuvan / Copernicus Data Space,https://bhuvan.nrsc.gov.in | https://dataspace.copernicus.eu,train
ISRO-BHUVAN-TN-029,Zone-1 (Coromandel Coast),Nagapattinam,5.85,2.05,29.53,2.686,ISRO Bhuvan / Copernicus Data Space,https://bhuvan.nrsc.gov.in | https://dataspace.copernicus.eu,train
ISRO-BHUVAN-TN-011,Zone-3 (Coromandel Coast),Ramanathapuram,0.999,10.19,31.28,1.724,ISRO Bhuvan / Copernicus Data Space,https://bhuvan.nrsc.gov.in | https://dataspace.copernicus.eu,train
ISRO-BHUVAN-TN-071,Zone-3 (Coromandel Coast),Nagapattinam,1.266,8.56,27.68,2.091,ISRO Bhuvan / Copernicus Data Space,https://bhuvan.nrsc.gov.in | https://dataspace.copernicus.eu,train
ISRO-BHUVAN-TN-005,Zone-1 (Coromandel Coast),Thoothukudi,6.088,4.85,28.28,0.93,ISRO Bhuvan / Copernicus Data Space,https://bhuvan.nrsc.gov.in | https://dataspace.copernicus.eu,train
ISRO-BHUVAN-TN-013,Zone-1 (Coromandel Coast),Tiruvallur,7.526,7.04,30.78,2.53,ISRO Bhuvan / Copernicus Data Space,https://bhuvan.nrsc.gov.in | https://dataspace.copernicus.eu,train
ISRO-BHUVAN-TN-050,Zone-2 (Coromandel Coast),Nagapattinam,5.554,2.7,29.88,0.683,ISRO Bhuvan / Copernicus Data Space,https://bhuvan.nrsc.gov.in | https://dataspace.copernicus.eu,train
ISRO-BHUVAN-TN-034,Zone-2 (Coromandel Coast),Tiruvallur,6.71,13.16,29.34,1.784,ISRO Bhuvan / Copernicus Data Space,https://bhuvan.nrsc.gov.in | https://dataspace.copernicus.eu,train
ISRO-BHUVAN-TN-068,Zone-4 (Coromandel Coast),Thoothukudi,8.414,7.41,28.15,2.37,ISRO Bhuvan / Copernicus Data Space,https://bhuvan.nrsc.gov.in | https://dataspace.copernicus.eu,train
ISRO-BHUVAN-TN-036,Zone-4 (Coromandel Coast),Nagapattinam,9.493,11.26,27.16,0.918,ISRO Bhuvan / Copernicus Data Space,https://bhuvan.nrsc.gov.in | https://dataspace.copernicus.eu,train
ISRO-BHUVAN-TN-069,Zone-1 (Coromandel Coast),Tiruvallur,0.942,14.01,29.08,1.82,ISRO Bhuvan / Copernicus Data Space,https://bhuvan.nrsc.gov.in | https://dataspace.copernicus.eu,train
ISRO-BHUVAN-TN-046,Zone-2 (Coromandel Coast),Ramanathapuram,7.472,12.06,27.79,1.457,ISRO Bhuvan / Copernicus Data Space,https://bhuvan.nrsc.gov.in | https://dataspace.copernicus.eu,train
ISRO-BHUVAN-TN-074,Zone-2 (Coromandel Coast),Ramanathapuram,11.5,11.67,28.59,0.901,ISRO Bhuvan / Copernicus Data Space,https://bhuvan.nrsc.gov.in | https://dataspace.copernicus.eu,train
ISRO-BHUVAN-TN-062,Zone-2 (Coromandel Coast),Tiruvallur,0.639,4.63,31.39,2.264,ISRO Bhuvan / Copernicus Data Space,https://bhuvan.nrsc.gov.in | https://dataspace.copernicus.eu,train
ISRO-BHUVAN-TN-056,Zone-4 (Coromandel Coast),Kanchipuram,9.861,9.94,28.38,1.785,ISRO Bhuvan / Copernicus Data Space,https://bhuvan.nrsc.gov.in | https://dataspace.copernicus.eu,train
ISRO-BHUVAN-TN-041,Zone-1 (Coromandel Coast),Tiruvallur,1.838,12.81,28.71,2.471,ISRO Bhuvan / Copernicus Data Space,https://bhuvan.nrsc.gov.in | https://dataspace.copernicus.eu,train
ISRO-BHUVAN-TN-010,Zone-2 (Coromandel Coast),Thanjavur,11.574,8.07,30.63,1.586,ISRO Bhuvan / Copernicus Data Space,https://bhuvan.nrsc.gov.in | https://dataspace.copernicus.eu,train
ISRO-BHUVAN-TN-065,Zone-1 (Coromandel Coast),Cuddalore,2.226,5.81,30.32,1.385,ISRO Bhuvan / Copernicus Data Space,https://bhuvan.nrsc.gov.in | https://dataspace.copernicus.eu,train
ISRO-BHUVAN-TN-006,Zone-2 (Coromandel Coast),Tiruvallur,9.735,8.86,28.4,1.748,ISRO Bhuvan / Copernicus Data Space,https://bhuvan.nrsc.gov.in | https://dataspace.copernicus.eu,train
ISRO-BHUVAN-TN-048,Zone-4 (Coromandel Coast),Tiruvallur,0.797,3.12,31.33,1.584,ISRO Bhuvan / Copernicus Data Space,https://bhuvan.nrsc.gov.in | https://dataspace.copernicus.eu,train
ISRO-BHUVAN-TN-035,Zone-3 (Coromandel Coast),Kanchipuram,1.525,11.92,27.57,2.33,ISRO Bhuvan / Copernicus Data Space,https://bhuvan.nrsc.gov.in | https://dataspace.copernicus.eu,train
ISRO-BHUVAN-TN-063,Zone-3 (Coromandel Coast),Kanchipuram,11.535,8.13,27.49,1.579,ISRO Bhuvan / Copernicus Data Space,https://bhuvan.nrsc.gov.in | https://dataspace.copernicus.eu,train
ISRO-BHUVAN-TN-043,Zone-3 (Coromandel Coast),Nagapattinam,1.431,6.92,27.78,1.976,ISRO Bhuvan / Copernicus Data Space,https://bhuvan.nrsc.gov.in | https://dataspace.copernicus.eu,train
ISRO-BHUVAN-TN-055,Zone-3 (Coromandel Coast),Tiruvallur,8.46,2.08,29.29,2.791,ISRO Bhuvan / Copernicus Data Space,https://bhuvan.nrsc.gov.in | https://dataspace.copernicus.eu,train
ISRO-BHUVAN-TN-017,Zone-1 (Coromandel Coast),Thanjavur,8.974,13.45,27.98,0.358,ISRO Bhuvan / Copernicus Data Space,https://bhuvan.nrsc.gov.in | https://dataspace.copernicus.eu,train
ISRO-BHUVAN-TN-040,Zone-4 (Coromandel Coast),Thoothukudi,11.91,13.29,27.94,2.613,ISRO Bhuvan / Copernicus Data Space,https://bhuvan.nrsc.gov.in | https://dataspace.copernicus.eu,train
ISRO-BHUVAN-TN-057,Zone-1 (Coromandel Coast),Nagapattinam,6.561,7.25,27.59,2.494,ISRO Bhuvan / Copernicus Data Space,https://bhuvan.nrsc.gov.in | https://dataspace.copernicus.eu,train
ISRO-BHUVAN-TN-080,Zone-4 (Coromandel Coast),Thanjavur,7.905,8.73,27.19,2.715,ISRO Bhuvan / Copernicus Data Space,https://bhuvan.nrsc.gov.in | https://dataspace.copernicus.eu,train
ISRO-BHUVAN-TN-008,Zone-4 (Coromandel Coast),Nagapattinam,2.583,10.87,27.82,1.518,ISRO Bhuvan / Copernicus Data Space,https://bhuvan.nrsc.gov.in | https://dataspace.copernicus.eu,train
ISRO-BHUVAN-TN-051,Zone-3 (Coromandel Coast),Cuddalore,7.625,10.43,27.68,0.266,ISRO Bhuvan / Copernicus Data Space,https://bhuvan.nrsc.gov.in | https://dataspace.copernicus.eu,train
ISRO-BHUVAN-TN-054,Zone-2 (Coromandel Coast),Thoothukudi,2.136,2.92,28.36,0.373,ISRO Bhuvan / Copernicus Data Space,https://bhuvan.nrsc.gov.in | https://dataspace.copernicus.eu,train
ISRO-BHUVAN-TN-020,Zone-4 (Coromandel Coast),Tiruvallur,11.86,3.14,30.13,1.192,ISRO Bhuvan / Copernicus Data Space,https://bhuvan.nrsc.gov.in | https://dataspace.copernicus.eu,train
ISRO-BHUVAN-TN-067,Zone-3 (Coromandel Coast),Ramanathapuram,10.759,14.77,30.54,0.952,ISRO Bhuvan / Copernicus Data Space,https://bhuvan.nrsc.gov.in | https://dataspace.copernicus.eu,train
ISRO-BHUVAN-TN-026,Zone-2 (Coromandel Coast),Thoothukudi,3.188,8.87,30.96,1.857,ISRO Bhuvan / Copernicus Data Space,https://bhuvan.nrsc.gov.in | https://dataspace.copernicus.eu,train
ISRO-BHUVAN-TN-045,Zone-1 (Coromandel Coast),Thanjavur,2.024,13.44,31.15,1.415,ISRO Bhuvan / Copernicus Data Space,https://bhuvan.nrsc.gov.in | https://dataspace.copernicus.eu,train
ISRO-BHUVAN-TN-014,Zone-2 (Coromandel Coast),Kanchipuram,4.564,4.56,30.51,0.842,ISRO Bhuvan / Copernicus Data Space,https://bhuvan.nrsc.gov.in | https://dataspace.copernicus.eu,train
ISRO-BHUVAN-TN-077,Zone-1 (Coromandel Coast),Kanchipuram,3.548,1.5,27.37,2.713,ISRO Bhuvan / Copernicus Data Space,https://bhuvan.nrsc.gov.in | https://dataspace.copernicus.eu,train
ISRO-BHUVAN-TN-004,Zone-4 (Coromandel Coast),Ramanathapuram,1.193,14.47,28.58,0.374,ISRO Bhuvan / Copernicus Data Space,https://bhuvan.nrsc.gov.in | https://dataspace.copernicus.eu,train
ISRO-BHUVAN-TN-018,Zone-2 (Coromandel Coast),Ramanathapuram,0.772,10.32,29.73,1.576,ISRO Bhuvan / Copernicus Data Space,https://bhuvan.nrsc.gov.in | https://dataspace.copernicus.eu,train
ISRO-BHUVAN-TN-039,Zone-3 (Coromandel Coast),Ramanathapuram,7.407,8.52,31.14,1.442,ISRO Bhuvan / Copernicus Data Space,https://bhuvan.nrsc.gov.in | https://dataspace.copernicus.eu,train
ISRO-BHUVAN-TN-009,Zone-1 (Coromandel Coast),Cuddalore,8.654,2.72,29.55,0.793,ISRO Bhuvan / Copernicus Data Space,https://bhuvan.nrsc.gov.in | https://dataspace.copernicus.eu,train
ISRO-BHUVAN-TN-066,Zone-2 (Coromandel Coast),Thanjavur,4.823,6.8,29.07,2.22,ISRO Bhuvan / Copernicus Data Space,https://bhuvan.nrsc.gov.in | https://dataspace.copernicus.eu,train
ISRO-BHUVAN-TN-007,Zone-3 (Coromandel Coast),Kanchipuram,8.736,5.07,28.86,0.429,ISRO Bhuvan / Copernicus Data Space,https://bhuvan.nrsc.gov.in | https://dataspace.copernicus.eu,train
ISRO-BHUVAN-TN-037,Zone-1 (Coromandel Coast),Cuddalore,3.526,6.31,27.39,2.63,ISRO Bhuvan / Copernicus Data Space,https://bhuvan.nrsc.gov.in | https://dataspace.copernicus.eu,train
ISRO-BHUVAN-TN-073,Zone-1 (Coromandel Coast),Thanjavur,8.738,2.22,27.32,0.133,ISRO Bhuvan / Copernicus Data Space,https://bhuvan.nrsc.gov.in | https://dataspace.copernicus.eu,train
ISRO-BHUVAN-TN-059,Zone-3 (Coromandel Coast),Thanjavur,10.017,11.62,30.46,0.13,ISRO Bhuvan / Copernicus Data Space,https://bhuvan.nrsc.gov.in | https://dataspace.copernicus.eu,train
ISRO-BHUVAN-TN-047,Zone-3 (Coromandel Coast),Thoothukudi,5.085,3.28,28.65,0.284,ISRO Bhuvan / Copernicus Data Space,https://bhuvan.nrsc.gov.in | https://dataspace.copernicus.eu,train
ISRO-BHUVAN-TN-079,Zone-3 (Coromandel Coast),Cuddalore,2.865,2.92,29.77,2.192,ISRO Bhuvan / Copernicus Data Space,https://bhuvan.nrsc.gov.in | https://dataspace.copernicus.eu,train
ISRO-BHUVAN-TN-016,Zone-4 (Coromandel Coast),Cuddalore,7.674,7.62,29.64,0.554,ISRO Bhuvan / Copernicus Data Space,https://bhuvan.nrsc.gov.in | https://dataspace.copernicus.eu,train
ISRO-BHUVAN-TN-028,Zone-4 (Coromandel Coast),Kanchipuram,11.933,10.6,29.51,2.073,ISRO Bhuvan / Copernicus Data Space,https://bhuvan.nrsc.gov.in | https://dataspace.copernicus.eu,train
ISRO-BHUVAN-TN-042,Zone-2 (Coromandel Coast),Kanchipuram,10.483,12.64,30.56,0.923,ISRO Bhuvan / Copernicus Data Space,https://bhuvan.nrsc.gov.in | https://dataspace.copernicus.eu,train
ISRO-BHUVAN-TN-027,Zone-3 (Coromandel Coast),Tiruvallur,6.629,5.81,28.5,1.908,ISRO Bhuvan / Copernicus Data Space,https://bhuvan.nrsc.gov.in | https://dataspace.copernicus.eu,train
ISRO-BHUVAN-TN-049,Zone-1 (Coromandel Coast),Kanchipuram,11.607,7.34,28.4,1.467,ISRO Bhuvan / Copernicus Data Space,https://bhuvan.nrsc.gov.in | https://dataspace.copernicus.eu,val
ISRO-BHUVAN-TN-025,Zone-1 (Coromandel Coast),Ramanathapuram,1.298,8.57,27.3,2.261,ISRO Bhuvan / Copernicus Data Space,https://bhuvan.nrsc.gov.in | https://dataspace.copernicus.eu,val
ISRO-BHUVAN-TN-044,Zone-4 (Coromandel Coast),Cuddalore,4.48,15.05,29.88,2.321,ISRO Bhuvan / Copernicus Data Space,https://bhuvan.nrsc.gov.in | https://dataspace.copernicus.eu,val
ISRO-BHUVAN-TN-078,Zone-2 (Coromandel Coast),Nagapattinam,3.898,12.12,29.81,1.131,ISRO Bhuvan / Copernicus Data Space,https://bhuvan.nrsc.gov.in | https://dataspace.copernicus.eu,val
ISRO-BHUVAN-TN-058,Zone-2 (Coromandel Coast),Cuddalore,5.673,3.96,28.65,1.218,ISRO Bhuvan / Copernicus Data Space,https://bhuvan.nrsc.gov.in | https://dataspace.copernicus.eu,val
ISRO-BHUVAN-TN-012,Zone-4 (Coromandel Coast),Thoothukudi,9.921,13.76,28.03,0.673,ISRO Bhuvan / Copernicus Data Space,https://bhuvan.nrsc.gov.in | https://dataspace.copernicus.eu,val
ISRO-BHUVAN-TN-033,Zone-1 (Coromandel Coast),Thoothukudi,5.092,3.36,31.47,2.603,ISRO Bhuvan / Copernicus Data Space,https://bhuvan.nrsc.gov.in | https://dataspace.copernicus.eu,val
ISRO-BHUVAN-TN-076,Zone-4 (Coromandel Coast),Tiruvallur,2.502,2.6,29.97,2.164,ISRO Bhuvan / Copernicus Data Space,https://bhuvan.nrsc.gov.in | https://dataspace.copernicus.eu,val
ISRO-BHUVAN-TN-060,Zone-4 (Coromandel Coast),Ramanathapuram,5.286,8.04,27.09,0.801,ISRO Bhuvan / Copernicus Data Space,https://bhuvan.nrsc.gov.in | https://dataspace.copernicus.eu,val
ISRO-BHUVAN-TN-064,Zone-4 (Coromandel Coast),Nagapattinam,5.725,13.19,27.44,1.418,ISRO Bhuvan / Copernicus Data Space,https://bhuvan.nrsc.gov.in | https://dataspace.copernicus.eu,val
ISRO-BHUVAN-TN-070,Zone-2 (Coromandel Coast),Kanchipuram,8.083,13.91,29.87,1.758,ISRO Bhuvan / Copernicus Data Space,https://bhuvan.nrsc.gov.in | https://dataspace.copernicus.eu,val
ISRO-BHUVAN-TN-038,Zone-2 (Coromandel Coast),Thanjavur,6.869,5.54,28.79,1.307,ISRO Bhuvan / Copernicus Data Space,https://bhuvan.nrsc.gov.in | https://dataspace.copernicus.eu,val
ISRO-BHUVAN-TN-030,Zone-2 (Coromandel Coast),Cuddalore,2.516,11.0,27.9,1.547,ISRO Bhuvan / Copernicus Data Space,https://bhuvan.nrsc.gov.in | https://dataspace.copernicus.eu,test
ISRO-BHUVAN-TN-002,Zone-2 (Coromandel Coast),Cuddalore,11.489,1.46,27.88,0.12,ISRO Bhuvan / Copernicus Data Space,https://bhuvan.nrsc.gov.in | https://dataspace.copernicus.eu,test
ISRO-BHUVAN-TN-053,Zone-1 (Coromandel Coast),Ramanathapuram,1.164,11.07,31.43,0.746,ISRO Bhuvan / Copernicus Data Space,https://bhuvan.nrsc.gov.in | https://dataspace.copernicus.eu,test
ISRO-BHUVAN-TN-022,Zone-2 (Coromandel Coast),Nagapattinam,1.977,2.68,30.26,1.662,ISRO Bhuvan / Copernicus Data Space,https://bhuvan.nrsc.gov.in | https://dataspace.copernicus.eu,test
ISRO-BHUVAN-TN-003,Zone-3 (Coromandel Coast),Thanjavur,7.946,13.95,28.1,2.603,ISRO Bhuvan / Copernicus Data Space,https://bhuvan.nrsc.gov.in | https://dataspace.copernicus.eu,test
ISRO-BHUVAN-TN-024,Zone-4 (Coromandel Coast),Thanjavur,2.706,5.79,28.02,1.058,ISRO Bhuvan / Copernicus Data Space,https://bhuvan.nrsc.gov.in | https://dataspace.copernicus.eu,test
ISRO-BHUVAN-TN-075,Zone-3 (Coromandel Coast),Thoothukudi,4.522,12.2,29.98,0.6,ISRO Bhuvan / Copernicus Data Space,https://bhuvan.nrsc.gov.in | https://dataspace.copernicus.eu,test
ISRO-BHUVAN-TN-021,Zone-1 (Coromandel Coast),Kanchipuram,5.424,11.39,30.12,2.776,ISRO Bhuvan / Copernicus Data Space,https://bhuvan.nrsc.gov.in | https://dataspace.copernicus.eu,test
ISRO-BHUVAN-TN-061,Zone-1 (Coromandel Coast),Thoothukudi,9.243,3.15,29.41,0.681,ISRO Bhuvan / Copernicus Data Space,https://bhuvan.nrsc.gov.in | https://dataspace.copernicus.eu,test
ISRO-BHUVAN-TN-072,Zone-4 (Coromandel Coast),Cuddalore,6.391,10.86,27.19,0.329,ISRO Bhuvan / Copernicus Data Space,https://bhuvan.nrsc.gov.in | https://dataspace.copernicus.eu,test
ISRO-BHUVAN-TN-015,Zone-3 (Coromandel Coast),Nagapattinam,9.96,7.22,30.0,0.358,ISRO Bhuvan / Copernicus Data Space,https://bhuvan.nrsc.gov.in | https://dataspace.copernicus.eu,test
ISRO-BHUVAN-TN-052,Zone-4 (Coromandel Coast),Thanjavur,9.479,7.73,27.26,2.786,ISRO Bhuvan / Copernicus Data Space,https://bhuvan.nrsc.gov.in | https://dataspace.copernicus.eu,test
