sensor_id,reservoir_name,district,timestamp,water_level_m,inflow_cusecs,outflow_cusecs,storage_mcft,surface_temp_c,data_source,source_url,split
TNS-RES-01,Poondi,Tamil Nadu WRD Network,2026-01-01 00:00:00,24.91,1767,926,2724.8,30.1,Tamil Nadu WRD / Agri Reservoir Data,https://wrd.tn.gov.in | https://www.tnagrisnet.tn.gov.in,train
TNS-RES-02,Mettur,Tamil Nadu WRD Network,2026-01-01 06:00:00,29.43,2028,1419,2905.0,29.0,Tamil Nadu WRD / Agri Reservoir Data,https://wrd.tn.gov.in | https://www.tnagrisnet.tn.gov.in,train
TNS-RES-03,Bhavanisagar,Tamil Nadu WRD Network,2026-01-01 12:00:00,23.18,2305,359,7651.7,28.2,Tamil Nadu WRD / Agri Reservoir Data,https://wrd.tn.gov.in | https://www.tnagrisnet.tn.gov.in,train
TNS-RES-04,Pechiparai,Tamil Nadu WRD Network,2026-01-01 18:00:00,24.38,585,1129,7110.6,29.7,Tamil Nadu WRD / Agri Reservoir Data,https://wrd.tn.gov.in | https://www.tnagrisnet.tn.gov.in,train
TNS-RES-05,Vaigai,Tamil Nadu WRD Network,2026-01-02 00:00:00,26.4,1776,1713,2747.7,28.4,Tamil Nadu WRD / Agri Reservoir Data,https://wrd.tn.gov.in | https://www.tnagrisnet.tn.gov.in,train
TNS-RES-06,Sathanur,Tamil Nadu WRD Network,2026-01-02 06:00:00,27.7,669,1976,7608.4,26.2,Tamil Nadu WRD / Agri Reservoir Data,https://wrd.tn.gov.in | https://www.tnagrisnet.tn.gov.in,train
TNS-RES-01,Poondi,Tamil Nadu WRD Network,2026-01-02 12:00:00,26.07,574,1179,7408.4,26.2,Tamil Nadu WRD / Agri Reservoir Data,https://wrd.tn.gov.in | https://www.tnagrisnet.tn.gov.in,train
TNS-RES-02,Mettur,Tamil Nadu WRD Network,2026-01-02 18:00:00,25.52,1788,664,7470.8,30.9,Tamil Nadu WRD / Agri Reservoir Data,https://wrd.tn.gov.in | https://www.tnagrisnet.tn.gov.in,train
TNS-RES-03,Bhavanisagar,Tamil Nadu WRD Network,2026-01-03 00:00:00,24.9,2175,1704,3233.7,30.1,Tamil Nadu WRD / Agri Reservoir Data,https://wrd.tn.gov.in | https://www.tnagrisnet.tn.gov.in,train
TNS-RES-04,Pechiparai,Tamil Nadu WRD Network,2026-01-03 06:00:00,26.7,236,1232,2610.1,26.6,Tamil Nadu WRD / Agri Reservoir Data,https://wrd.tn.gov.in | https://www.tnagrisnet.tn.gov.in,train
TNS-RES-05,Vaigai,Tamil Nadu WRD Network,2026-01-03 12:00:00,25.56,948,1477,1457.5,27.6,Tamil Nadu WRD / Agri Reservoir Data,https://wrd.tn.gov.in | https://www.tnagrisnet.tn.gov.in,train
TNS-RES-06,Sathanur,Tamil Nadu WRD Network,2026-01-03 18:00:00,23.8,1417,1602,3231.3,29.1,Tamil Nadu WRD / Agri Reservoir Data,https://wrd.tn.gov.in | https://www.tnagrisnet.tn.gov.in,train
TNS-RES-01,Poondi,Tamil Nadu WRD Network,2026-01-04 00:00:00,25.67,697,146,7090.7,26.1,Tamil Nadu WRD / Agri Reservoir Data,https://wrd.tn.gov.in | https://www.tnagrisnet.tn.gov.in,train
TNS-RES-02,Mettur,Tamil Nadu WRD Network,2026-01-04 06:00:00,27.22,2205,1104,7573.5,30.0,Tamil Nadu WRD / Agri Reservoir Data,https://wrd.tn.gov.in | https://www.tnagrisnet.tn.gov.in,train
TNS-RES-03,Bhavanisagar,Tamil Nadu WRD Network,2026-01-04 12:00:00,23.71,1277,1292,7115.7,30.9,Tamil Nadu WRD / Agri Reservoir Data,https://wrd.tn.gov.in | https://www.tnagrisnet.tn.gov.in,train
TNS-RES-04,Pechiparai,Tamil Nadu WRD Network,2026-01-04 18:00:00,28.52,1955,893,3949.5,29.7,Tamil Nadu WRD / Agri Reservoir Data,https://wrd.tn.gov.in | https://www.tnagrisnet.tn.gov.in,train
TNS-RES-05,Vaigai,Tamil Nadu WRD Network,2026-01-05 00:00:00,23.95,983,645,3074.2,27.2,Tamil Nadu WRD / Agri Reservoir Data,https://wrd.tn.gov.in | https://www.tnagrisnet.tn.gov.in,train
TNS-RES-06,Sathanur,Tamil Nadu WRD Network,2026-01-05 06:00:00,24.3,248,133,7914.1,28.1,Tamil Nadu WRD / Agri Reservoir Data,https://wrd.tn.gov.in | https://www.tnagrisnet.tn.gov.in,train
TNS-RES-01,Poondi,Tamil Nadu WRD Network,2026-01-05 12:00:00,28.88,662,1904,6504.4,26.4,Tamil Nadu WRD / Agri Reservoir Data,https://wrd.tn.gov.in | https://www.tnagrisnet.tn.gov.in,train
TNS-RES-02,Mettur,Tamil Nadu WRD Network,2026-01-05 18:00:00,22.5,1131,1770,7613.1,28.3,Tamil Nadu WRD / Agri Reservoir Data,https://wrd.tn.gov.in | https://www.tnagrisnet.tn.gov.in,train
TNS-RES-03,Bhavanisagar,Tamil Nadu WRD Network,2026-01-06 00:00:00,22.19,2479,540,7599.1,29.2,Tamil Nadu WRD / Agri Reservoir Data,https://wrd.tn.gov.in | https://www.tnagrisnet.tn.gov.in,train
TNS-RES-04,Pechiparai,Tamil Nadu WRD Network,2026-01-06 06:00:00,25.96,1578,1074,2614.7,26.9,Tamil Nadu WRD / Agri Reservoir Data,https://wrd.tn.gov.in | https://www.tnagrisnet.tn.gov.in,train
TNS-RES-05,Vaigai,Tamil Nadu WRD Network,2026-01-06 12:00:00,23.44,1982,765,1404.9,30.8,Tamil Nadu WRD / Agri Reservoir Data,https://wrd.tn.gov.in | https://www.tnagrisnet.tn.gov.in,train
TNS-RES-06,Sathanur,Tamil Nadu WRD Network,2026-01-06 18:00:00,23.61,2226,1862,7964.4,26.9,Tamil Nadu WRD / Agri Reservoir Data,https://wrd.tn.gov.in | https://www.tnagrisnet.tn.gov.in,train
TNS-RES-01,Poondi,Tamil Nadu WRD Network,2026-01-07 00:00:00,28.55,1785,392,6710.8,27.1,Tamil Nadu WRD / Agri Reservoir Data,https://wrd.tn.gov.in | https://www.tnagrisnet.tn.gov.in,train
TNS-RES-02,Mettur,Tamil Nadu WRD Network,2026-01-07 06:00:00,23.57,675,1120,5150.6,28.9,Tamil Nadu WRD / Agri Reservoir Data,https://wrd.tn.gov.in | https://www.tnagrisnet.tn.gov.in,train
TNS-RES-03,Bhavanisagar,Tamil Nadu WRD Network,2026-01-07 12:00:00,23.47,2238,1915,7034.9,30.0,Tamil Nadu WRD / Agri Reservoir Data,https://wrd.tn.gov.in | https://www.tnagrisnet.tn.gov.in,train
TNS-RES-04,Pechiparai,Tamil Nadu WRD Network,2026-01-07 18:00:00,24.03,1689,1146,1608.9,28.0,Tamil Nadu WRD / Agri Reservoir Data,https://wrd.tn.gov.in | https://www.tnagrisnet.tn.gov.in,train
TNS-RES-05,Vaigai,Tamil Nadu WRD Network,2026-01-08 00:00:00,21.55,1850,1042,1567.3,27.1,Tamil Nadu WRD / Agri Reservoir Data,https://wrd.tn.gov.in | https://www.tnagrisnet.tn.gov.in,train
TNS-RES-06,Sathanur,Tamil Nadu WRD Network,2026-01-08 06:00:00,23.17,1755,244,6958.4,28.5,Tamil Nadu WRD / Agri Reservoir Data,https://wrd.tn.gov.in | https://www.tnagrisnet.tn.gov.in,train
TNS-RES-01,Poondi,Tamil Nadu WRD Network,2026-01-08 12:00:00,31.32,2088,760,5746.1,28.8,Tamil Nadu WRD / Agri Reservoir Data,https://wrd.tn.gov.in | https://www.tnagrisnet.tn.gov.in,train
TNS-RES-02,Mettur,Tamil Nadu WRD Network,2026-01-08 18:00:00,23.67,777,1769,6582.0,29.3,Tamil Nadu WRD / Agri Reservoir Data,https://wrd.tn.gov.in | https://www.tnagrisnet.tn.gov.in,train
TNS-RES-03,Bhavanisagar,Tamil Nadu WRD Network,2026-01-09 00:00:00,27.05,1789,1392,5330.3,29.8,Tamil Nadu WRD / Agri Reservoir Data,https://wrd.tn.gov.in | https://www.tnagrisnet.tn.gov.in,train
TNS-RES-04,Pechiparai,Tamil Nadu WRD Network,2026-01-09 06:00:00,26.27,522,1773,7102.9,26.1,Tamil Nadu WRD / Agri Reservoir Data,https://wrd.tn.gov.in | https://www.tnagrisnet.tn.gov.in,train
TNS-RES-05,Vaigai,Tamil Nadu WRD Network,2026-01-09 12:00:00,24.58,937,1512,2125.3,30.1,Tamil Nadu WRD / Agri Reservoir Data,https://wrd.tn.gov.in | https://www.tnagrisnet.tn.gov.in,train
TNS-RES-06,Sathanur,Tamil Nadu WRD Network,2026-01-09 18:00:00,25.37,2105,1064,1044.7,27.4,Tamil Nadu WRD / Agri Reservoir Data,https://wrd.tn.gov.in | https://www.tnagrisnet.tn.gov.in,train
TNS-RES-01,Poondi,Tamil Nadu WRD Network,2026-01-10 00:00:00,25.48,1634,593,5438.0,28.7,Tamil Nadu WRD / Agri Reservoir Data,https://wrd.tn.gov.in | https://www.tnagrisnet.tn.gov.in,train
TNS-RES-02,Mettur,Tamil Nadu WRD Network,2026-01-10 06:00:00,25.12,1982,303,6327.2,28.7,Tamil Nadu WRD / Agri Reservoir Data,https://wrd.tn.gov.in | https://www.tnagrisnet.tn.gov.in,train
TNS-RES-03,Bhavanisagar,Tamil Nadu WRD Network,2026-01-10 12:00:00,24.76,1636,1870,1717.6,30.7,Tamil Nadu WRD / Agri Reservoir Data,https://wrd.tn.gov.in | https://www.tnagrisnet.tn.gov.in,train
TNS-RES-04,Pechiparai,Tamil Nadu WRD Network,2026-01-10 18:00:00,25.7,1766,228,3106.7,29.5,Tamil Nadu WRD / Agri Reservoir Data,https://wrd.tn.gov.in | https://www.tnagrisnet.tn.gov.in,train
TNS-RES-05,Vaigai,Tamil Nadu WRD Network,2026-01-11 00:00:00,25.33,962,1279,1320.2,30.4,Tamil Nadu WRD / Agri Reservoir Data,https://wrd.tn.gov.in | https://www.tnagrisnet.tn.gov.in,train
TNS-RES-06,Sathanur,Tamil Nadu WRD Network,2026-01-11 06:00:00,23.25,2437,1940,6247.6,26.7,Tamil Nadu WRD / Agri Reservoir Data,https://wrd.tn.gov.in | https://www.tnagrisnet.tn.gov.in,train
TNS-RES-01,Poondi,Tamil Nadu WRD Network,2026-01-11 12:00:00,28.91,1755,947,2915.4,31.0,Tamil Nadu WRD / Agri Reservoir Data,https://wrd.tn.gov.in | https://www.tnagrisnet.tn.gov.in,train
TNS-RES-02,Mettur,Tamil Nadu WRD Network,2026-01-11 18:00:00,24.84,1151,957,2145.4,30.0,Tamil Nadu WRD / Agri Reservoir Data,https://wrd.tn.gov.in | https://www.tnagrisnet.tn.gov.in,train
TNS-RES-03,Bhavanisagar,Tamil Nadu WRD Network,2026-01-12 00:00:00,22.45,343,1392,5581.6,27.4,Tamil Nadu WRD / Agri Reservoir Data,https://wrd.tn.gov.in | https://www.tnagrisnet.tn.gov.in,train
TNS-RES-04,Pechiparai,Tamil Nadu WRD Network,2026-01-12 06:00:00,26.77,2384,387,4026.3,30.7,Tamil Nadu WRD / Agri Reservoir Data,https://wrd.tn.gov.in | https://www.tnagrisnet.tn.gov.in,train
TNS-RES-05,Vaigai,Tamil Nadu WRD Network,2026-01-12 12:00:00,29.62,1084,621,7887.8,28.0,Tamil Nadu WRD / Agri Reservoir Data,https://wrd.tn.gov.in | https://www.tnagrisnet.tn.gov.in,train
TNS-RES-06,Sathanur,Tamil Nadu WRD Network,2026-01-12 18:00:00,22.32,2251,536,2491.7,26.2,Tamil Nadu WRD / Agri Reservoir Data,https://wrd.tn.gov.in | https://www.tnagrisnet.tn.gov.in,train
TNS-RES-01,Poondi,Tamil Nadu WRD Network,2026-01-13 00:00:00,21.87,2181,999,7777.4,26.9,Tamil Nadu WRD / Agri Reservoir Data,https://wrd.tn.gov.in | https://www.tnagrisnet.tn.gov.in,train
TNS-RES-02,Mettur,Tamil Nadu WRD Network,2026-01-13 06:00:00,28.61,2191,1575,6396.5,30.2,Tamil Nadu WRD / Agri Reservoir Data,https://wrd.tn.gov.in | https://www.tnagrisnet.tn.gov.in,train
TNS-RES-03,Bhavanisagar,Tamil Nadu WRD Network,2026-01-13 12:00:00,26.61,458,161,7445.9,29.1,Tamil Nadu WRD / Agri Reservoir Data,https://wrd.tn.gov.in | https://www.tnagrisnet.tn.gov.in,train
TNS-RES-04,Pechiparai,Tamil Nadu WRD Network,2026-01-13 18:00:00,28.32,2021,1014,1821.2,26.6,Tamil Nadu WRD / Agri Reservoir Data,https://wrd.tn.gov.in | https://www.tnagrisnet.tn.gov.in,train
TNS-RES-05,Vaigai,Tamil Nadu WRD Network,2026-01-14 00:00:00,23.31,621,1034,1449.5,28.9,Tamil Nadu WRD / Agri Reservoir Data,https://wrd.tn.gov.in | https://www.tnagrisnet.tn.gov.in,train
TNS-RES-06,Sathanur,Tamil Nadu WRD Network,2026-01-14 06:00:00,29.5,782,1615,3172.5,28.3,Tamil Nadu WRD / Agri Reservoir Data,https://wrd.tn.gov.in | https://www.tnagrisnet.tn.gov.in,train
TNS-RES-01,Poondi,Tamil Nadu WRD Network,2026-01-14 12:00:00,23.87,1560,654,5864.9,30.3,Tamil Nadu WRD / Agri Reservoir Data,https://wrd.tn.gov.in | https://www.tnagrisnet.tn.gov.in,train
TNS-RES-02,Mettur,Tamil Nadu WRD Network,2026-01-14 18:00:00,18.94,1982,175,4363.5,26.5,Tamil Nadu WRD / Agri Reservoir Data,https://wrd.tn.gov.in | https://www.tnagrisnet.tn.gov.in,train
TNS-RES-03,Bhavanisagar,Tamil Nadu WRD Network,2026-01-15 00:00:00,24.99,1602,1434,4917.5,26.0,Tamil Nadu WRD / Agri Reservoir Data,https://wrd.tn.gov.in | https://www.tnagrisnet.tn.gov.in,train
TNS-RES-04,Pechiparai,Tamil Nadu WRD Network,2026-01-15 06:00:00,22.1,917,1083,1615.1,27.8,Tamil Nadu WRD / Agri Reservoir Data,https://wrd.tn.gov.in | https://www.tnagrisnet.tn.gov.in,train
TNS-RES-05,Vaigai,Tamil Nadu WRD Network,2026-01-15 12:00:00,22.5,1483,1409,6604.1,27.0,Tamil Nadu WRD / Agri Reservoir Data,https://wrd.tn.gov.in | https://www.tnagrisnet.tn.gov.in,train
TNS-RES-06,Sathanur,Tamil Nadu WRD Network,2026-01-15 18:00:00,24.3,543,298,5455.0,29.5,Tamil Nadu WRD / Agri Reservoir Data,https://wrd.tn.gov.in | https://www.tnagrisnet.tn.gov.in,train
TNS-RES-01,Poondi,Tamil Nadu WRD Network,2026-01-16 00:00:00,25.15,1816,1754,5998.6,30.0,Tamil Nadu WRD / Agri Reservoir Data,https://wrd.tn.gov.in | https://www.tnagrisnet.tn.gov.in,train
TNS-RES-02,Mettur,Tamil Nadu WRD Network,2026-01-16 06:00:00,23.38,947,1648,1560.8,30.5,Tamil Nadu WRD / Agri Reservoir Data,https://wrd.tn.gov.in | https://www.tnagrisnet.tn.gov.in,train
TNS-RES-03,Bhavanisagar,Tamil Nadu WRD Network,2026-01-16 12:00:00,28.29,1212,1322,4684.8,29.7,Tamil Nadu WRD / Agri Reservoir Data,https://wrd.tn.gov.in | https://www.tnagrisnet.tn.gov.in,train
TNS-RES-04,Pechiparai,Tamil Nadu WRD Network,2026-01-16 18:00:00,25.49,341,214,2729.7,26.8,Tamil Nadu WRD / Agri Reservoir Data,https://wrd.tn.gov.in | https://www.tnagrisnet.tn.gov.in,train
TNS-RES-05,Vaigai,Tamil Nadu WRD Network,2026-01-17 00:00:00,24.2,2443,740,2274.8,29.9,Tamil Nadu WRD / Agri Reservoir Data,https://wrd.tn.gov.in | https://www.tnagrisnet.tn.gov.in,train
TNS-RES-06,Sathanur,Tamil Nadu WRD Network,2026-01-17 06:00:00,26.06,1697,1046,4887.5,29.6,Tamil Nadu WRD / Agri Reservoir Data,https://wrd.tn.gov.in | https://www.tnagrisnet.tn.gov.in,train
TNS-RES-01,Poondi,Tamil Nadu WRD Network,2026-01-17 12:00:00,25.1,618,1392,1505.4,26.2,Tamil Nadu WRD / Agri Reservoir Data,https://wrd.tn.gov.in | https://www.tnagrisnet.tn.gov.in,train
TNS-RES-02,Mettur,Tamil Nadu WRD Network,2026-01-17 18:00:00,25.3,755,978,7077.9,29.6,Tamil Nadu WRD / Agri Reservoir Data,https://wrd.tn.gov.in | https://www.tnagrisnet.tn.gov.in,train
TNS-RES-03,Bhavanisagar,Tamil Nadu WRD Network,2026-01-18 00:00:00,23.79,962,804,7913.5,26.2,Tamil Nadu WRD / Agri Reservoir Data,https://wrd.tn.gov.in | https://www.tnagrisnet.tn.gov.in,train
TNS-RES-04,Pechiparai,Tamil Nadu WRD Network,2026-01-18 06:00:00,28.93,2187,1199,4070.3,29.6,Tamil Nadu WRD / Agri Reservoir Data,https://wrd.tn.gov.in | https://www.tnagrisnet.tn.gov.in,train
TNS-RES-05,Vaigai,Tamil Nadu WRD Network,2026-01-18 12:00:00,27.7,2266,901,2937.8,29.0,Tamil Nadu WRD / Agri Reservoir Data,https://wrd.tn.gov.in | https://www.tnagrisnet.tn.gov.in,val
TNS-RES-06,Sathanur,Tamil Nadu WRD Network,2026-01-18 18:00:00,24.9,2294,500,5360.8,29.2,Tamil Nadu WRD / Agri Reservoir Data,https://wrd.tn.gov.in | https://www.tnagrisnet.tn.gov.in,val
TNS-RES-01,Poondi,Tamil Nadu WRD Network,2026-01-19 00:00:00,23.44,1832,1827,2257.8,27.2,Tamil Nadu WRD / Agri Reservoir Data,https://wrd.tn.gov.in | https://www.tnagrisnet.tn.gov.in,val
TNS-RES-02,Mettur,Tamil Nadu WRD Network,2026-01-19 06:00:00,25.99,2432,443,6980.7,28.5,Tamil Nadu WRD / Agri Reservoir Data,https://wrd.tn.gov.in | https://www.tnagrisnet.tn.gov.in,val
TNS-RES-03,Bhavanisagar,Tamil Nadu WRD Network,2026-01-19 12:00:00,26.36,1196,1078,3514.6,29.0,Tamil Nadu WRD / Agri Reservoir Data,https://wrd.tn.gov.in | https://www.tnagrisnet.tn.gov.in,val
TNS-RES-04,Pechiparai,Tamil Nadu WRD Network,2026-01-19 18:00:00,24.07,534,843,7785.9,27.3,Tamil Nadu WRD / Agri Reservoir Data,https://wrd.tn.gov.in | https://www.tnagrisnet.tn.gov.in,val
TNS-RES-05,Vaigai,Tamil Nadu WRD Network,2026-01-20 00:00:00,21.76,1967,348,7788.7,28.3,Tamil Nadu WRD / Agri Reservoir Data,https://wrd.tn.gov.in | https://www.tnagrisnet.tn.gov.in,val
TNS-RES-06,Sathanur,Tamil Nadu WRD Network,2026-01-20 06:00:00,27.9,704,239,2188.3,28.6,Tamil Nadu WRD / Agri Reservoir Data,https://wrd.tn.gov.in | https://www.tnagrisnet.tn.gov.in,val
TNS-RES-01,Poondi,Tamil Nadu WRD Network,2026-01-20 12:00:00,27.49,1162,572,5320.0,29.5,Tamil Nadu WRD / Agri Reservoir Data,https://wrd.tn.gov.in | https://www.tnagrisnet.tn.gov.in,val
TNS-RES-02,Mettur,Tamil Nadu WRD Network,2026-01-20 18:00:00,23.77,542,418,1256.7,29.7,Tamil Nadu WRD / Agri Reservoir Data,https://wrd.tn.gov.in | https://www.tnagrisnet.tn.gov.in,val
TNS-RES-03,Bhavanisagar,Tamil Nadu WRD Network,2026-01-21 00:00:00,24.2,2133,1630,5097.5,30.3,Tamil Nadu WRD / Agri Reservoir Data,https://wrd.tn.gov.in | https://www.tnagrisnet.tn.gov.in,val
TNS-RES-04,Pechiparai,Tamil Nadu WRD Network,2026-01-21 06:00:00,30.19,633,312,2888.2,26.3,Tamil Nadu WRD / Agri Reservoir Data,https://wrd.tn.gov.in | https://www.tnagrisnet.tn.gov.in,val
TNS-RES-05,Vaigai,Tamil Nadu WRD Network,2026-01-21 12:00:00,26.82,242,332,4165.4,30.7,Tamil Nadu WRD / Agri Reservoir Data,https://wrd.tn.gov.in | https://www.tnagrisnet.tn.gov.in,val
TNS-RES-06,Sathanur,Tamil Nadu WRD Network,2026-01-21 18:00:00,25.13,892,1063,1291.0,26.7,Tamil Nadu WRD / Agri Reservoir Data,https://wrd.tn.gov.in | https://www.tnagrisnet.tn.gov.in,val
TNS-RES-01,Poondi,Tamil Nadu WRD Network,2026-01-22 00:00:00,27.29,1218,1079,4421.9,29.3,Tamil Nadu WRD / Agri Reservoir Data,https://wrd.tn.gov.in | https://www.tnagrisnet.tn.gov.in,val
TNS-RES-02,Mettur,Tamil Nadu WRD Network,2026-01-22 06:00:00,25.87,478,156,3155.5,29.5,Tamil Nadu WRD / Agri Reservoir Data,https://wrd.tn.gov.in | https://www.tnagrisnet.tn.gov.in,test
TNS-RES-03,Bhavanisagar,Tamil Nadu WRD Network,2026-01-22 12:00:00,26.53,2429,278,5708.2,28.2,Tamil Nadu WRD / Agri Reservoir Data,https://wrd.tn.gov.in | https://www.tnagrisnet.tn.gov.in,test
TNS-RES-04,Pechiparai,Tamil Nadu WRD Network,2026-01-22 18:00:00,22.37,2190,436,5848.4,30.2,Tamil Nadu WRD / Agri Reservoir Data,https://wrd.tn.gov.in | https://www.tnagrisnet.tn.gov.in,test
TNS-RES-05,Vaigai,Tamil Nadu WRD Network,2026-01-23 00:00:00,25.38,1318,1273,7082.3,28.9,Tamil Nadu WRD / Agri Reservoir Data,https://wrd.tn.gov.in | https://www.tnagrisnet.tn.gov.in,test
TNS-RES-06,Sathanur,Tamil Nadu WRD Network,2026-01-23 06:00:00,25.91,221,1868,5826.7,29.4,Tamil Nadu WRD / Agri Reservoir Data,https://wrd.tn.gov.in | https://www.tnagrisnet.tn.gov.in,test
TNS-RES-01,Poondi,Tamil Nadu WRD Network,2026-01-23 12:00:00,26.6,1075,1337,1746.2,29.3,Tamil Nadu WRD / Agri Reservoir Data,https://wrd.tn.gov.in | https://www.tnagrisnet.tn.gov.in,test
TNS-RES-02,Mettur,Tamil Nadu WRD Network,2026-01-23 18:00:00,22.14,2498,191,7840.2,28.0,Tamil Nadu WRD / Agri Reservoir Data,https://wrd.tn.gov.in | https://www.tnagrisnet.tn.gov.in,test
TNS-RES-03,Bhavanisagar,Tamil Nadu WRD Network,2026-01-24 00:00:00,25.8,1482,1503,7149.6,28.0,Tamil Nadu WRD / Agri Reservoir Data,https://wrd.tn.gov.in | https://www.tnagrisnet.tn.gov.in,test
TNS-RES-04,Pechiparai,Tamil Nadu WRD Network,2026-01-24 06:00:00,26.05,918,1368,6654.9,29.8,Tamil Nadu WRD / Agri Reservoir Data,https://wrd.tn.gov.in | https://www.tnagrisnet.tn.gov.in,test
TNS-RES-05,Vaigai,Tamil Nadu WRD Network,2026-01-24 12:00:00,24.26,2071,328,4811.4,26.0,Tamil Nadu WRD / Agri Reservoir Data,https://wrd.tn.gov.in | https://www.tnagrisnet.tn.gov.in,test
TNS-RES-06,Sathanur,Tamil Nadu WRD Network,2026-01-24 18:00:00,28.44,912,796,3773.2,29.5,Tamil Nadu WRD / Agri Reservoir Data,https://wrd.tn.gov.in | https://www.tnagrisnet.tn.gov.in,test
TNS-RES-01,Poondi,Tamil Nadu WRD Network,2026-01-25 00:00:00,22.52,708,809,2590.9,26.4,Tamil Nadu WRD / Agri Reservoir Data,https://wrd.tn.gov.in | https://www.tnagrisnet.tn.gov.in,test
TNS-RES-02,Mettur,Tamil Nadu WRD Network,2026-01-25 06:00:00,19.62,1568,1369,5336.4,28.3,Tamil Nadu WRD / Agri Reservoir Data,https://wrd.tn.gov.in | https://www.tnagrisnet.tn.gov.in,test
TNS-RES-03,Bhavanisagar,Tamil Nadu WRD Network,2026-01-25 12:00:00,27.45,1369,1010,1179.5,27.7,Tamil Nadu WRD / Agri Reservoir Data,https://wrd.tn.gov.in | https://www.tnagrisnet.tn.gov.in,test
TNS-RES-04,Pechiparai,Tamil Nadu WRD Network,2026-01-25 18:00:00,24.19,1043,857,5061.2,28.7,Tamil Nadu WRD / Agri Reservoir Data,https://wrd.tn.gov.in | https://www.tnagrisnet.tn.gov.in,test
